-- phpMyAdmin SQL Dump
-- version 4.6.5.2
-- https://www.phpmyadmin.net/
--
-- Host: 127.0.0.1
-- Generation Time: Apr 29, 2017 at 12:32 PM
-- Server version: 10.1.21-MariaDB
-- PHP Version: 5.6.30

SET SQL_MODE = "NO_AUTO_VALUE_ON_ZERO";
SET time_zone = "+00:00";


/*!40101 SET @OLD_CHARACTER_SET_CLIENT=@@CHARACTER_SET_CLIENT */;
/*!40101 SET @OLD_CHARACTER_SET_RESULTS=@@CHARACTER_SET_RESULTS */;
/*!40101 SET @OLD_COLLATION_CONNECTION=@@COLLATION_CONNECTION */;
/*!40101 SET NAMES utf8mb4 */;

--
-- Database: `dead @ 28 website`
--

-- --------------------------------------------------------

--
-- Table structure for table `customer`
--

CREATE TABLE `customer` (
  `id` int(7) NOT NULL,
  `phone_no` varchar(20) NOT NULL
) ENGINE=InnoDB DEFAULT CHARSET=latin1;

--
-- Dumping data for table `customer`
--

INSERT INTO `customer` (`id`, `phone_no`) VALUES
(92, ''),
(93, ''),
(94, ''),
(95, ''),
(96, ''),
(97, ''),
(98, ''),
(99, ''),
(100, ''),
(101, ''),
(102, ''),
(103, ''),
(104, ''),
(105, ''),
(106, ''),
(107, ''),
(108, ''),
(109, ''),
(110, ''),
(111, ''),
(112, ''),
(113, ''),
(114, ''),
(115, ''),
(116, ''),
(117, ''),
(118, ''),
(119, ''),
(120, ''),
(121, ''),
(122, ''),
(123, ''),
(124, ''),
(125, ''),
(126, ''),
(127, ''),
(128, ''),
(129, ''),
(130, ''),
(131, ''),
(132, ''),
(133, ''),
(134, ''),
(135, ''),
(136, ''),
(137, ''),
(138, ''),
(139, ''),
(140, ''),
(141, ''),
(142, ''),
(143, ''),
(144, ''),
(145, ''),
(146, ''),
(147, ''),
(148, ''),
(149, '');

-- --------------------------------------------------------

--
-- Table structure for table `display`
--

CREATE TABLE `display` (
  `movie_id` int(11) NOT NULL,
  `movie_name` varchar(80) NOT NULL,
  `image` int(11) NOT NULL,
  `description` varchar(255) NOT NULL,
  `genre` varchar(20) NOT NULL,
  `trailer` varchar(255) NOT NULL
) ENGINE=InnoDB DEFAULT CHARSET=latin1;

-- --------------------------------------------------------

--
-- Table structure for table `food_and_drinks`
--

CREATE TABLE `food_and_drinks` (
  `id` int(4) NOT NULL,
  `name` varchar(80) NOT NULL,
  `price` decimal(5,2) NOT NULL
) ENGINE=InnoDB DEFAULT CHARSET=latin1;

--
-- Dumping data for table `food_and_drinks`
--

INSERT INTO `food_and_drinks` (`id`, `name`, `price`) VALUES
(101, '', '10.00'),
(102, '', '7.00'),
(103, '', '15.00'),
(104, '', '18.00'),
(105, '', '10.00'),
(106, '', '15.00'),
(107, '', '9.00'),
(108, '', '7.00'),
(109, '', '4.00'),
(110, '', '4.00'),
(111, '', '5.00'),
(112, '', '2.50'),
(113, '', '4.00'),
(114, '', '4.00'),
(115, '', '4.00');

-- --------------------------------------------------------

--
-- Table structure for table `movie_screenings`
--

CREATE TABLE `movie_screenings` (
  `id` int(7) NOT NULL,
  `name` varchar(40) NOT NULL,
  `date` date NOT NULL,
  `time` time NOT NULL,
  `price` decimal(3,2) NOT NULL
) ENGINE=InnoDB DEFAULT CHARSET=latin1;

--
-- Dumping data for table `movie_screenings`
--

INSERT INTO `movie_screenings` (`id`, `name`, `date`, `time`, `price`) VALUES
(1, 'Logan', '2017-05-01', '09:00:00', '0.00'),
(2, 'Logan', '2017-05-01', '11:00:00', '0.00'),
(3, 'Logan', '2017-05-02', '12:00:00', '0.00'),
(4, 'Logan', '2017-05-02', '10:30:00', '0.00'),
(5, 'Logan', '2017-05-03', '09:00:00', '0.00'),
(6, 'Logan', '2017-05-03', '16:00:00', '9.99'),
(7, 'John Wick 2', '2017-05-01', '11:00:00', '9.99'),
(8, 'John Wick 2', '2017-05-01', '12:00:00', '0.00'),
(9, 'John Wick 2', '2017-05-02', '10:30:00', '0.00'),
(10, 'John Wick 2', '2017-05-02', '16:00:00', '0.00'),
(11, 'John Wick 2', '2017-05-03', '18:00:00', '0.00'),
(12, 'John Wick 2', '2017-05-03', '09:00:00', '0.00'),
(13, 'Fast and Furious 8', '2017-05-01', '16:00:00', '0.00'),
(14, 'Fast and Furious 8', '2017-05-01', '20:00:00', '0.00'),
(15, 'Fast and Furious 8', '2017-05-02', '18:00:00', '0.00'),
(16, 'Fast and Furious 8', '2017-05-02', '22:00:00', '0.00'),
(17, 'Fast and Furious 8', '2017-05-03', '16:00:00', '0.00'),
(18, 'Fast and Furious 8', '2017-05-03', '18:00:00', '0.00'),
(19, 'Life', '2017-05-01', '16:00:00', '0.00'),
(20, 'Life', '2017-05-01', '20:00:00', '0.00'),
(21, 'Life', '2017-05-02', '18:00:00', '0.00'),
(22, 'Life', '2017-05-02', '22:00:00', '0.00'),
(23, 'Life', '2017-05-03', '16:00:00', '0.00'),
(24, 'Life', '2017-05-03', '20:00:00', '0.00'),
(25, 'Kong: Skull Island', '2017-05-01', '15:00:00', '0.00'),
(26, 'Kong: Skull Island', '2017-05-01', '18:00:00', '0.00'),
(27, 'Kong: Skull Island', '2017-05-02', '16:00:00', '0.00'),
(28, 'Kong: Skull Island', '2017-05-02', '20:00:00', '0.00'),
(29, 'Kong: Skull Island', '2017-05-03', '14:00:00', '0.00'),
(30, 'Kong: Skull Island', '2017-05-03', '20:00:00', '0.00'),
(31, 'Despicable Me 3', '2017-05-01', '18:00:00', '0.00'),
(32, 'Despicable Me 3', '2017-05-02', '16:00:00', '0.00'),
(33, 'Despicable Me 3', '2017-05-02', '18:00:00', '0.00'),
(34, 'Despicable Me 3', '2017-05-03', '15:00:00', '0.00'),
(35, 'Despicable Me 3', '2017-05-03', '22:00:00', '0.00');

-- --------------------------------------------------------

--
-- Table structure for table `purchased_items`
--

CREATE TABLE `purchased_items` (
  `customer_id` int(7) NOT NULL,
  `type` varchar(12) NOT NULL,
  `item_id` int(7) NOT NULL,
  `price` decimal(4,2) NOT NULL,
  `seat` char(2) NOT NULL
) ENGINE=InnoDB DEFAULT CHARSET=latin1;

--
-- Dumping data for table `purchased_items`
--

INSERT INTO `purchased_items` (`customer_id`, `type`, `item_id`, `price`, `seat`) VALUES
(118, '0', 1, '10.00', 'a3'),
(118, '0', 1, '10.00', 'a4'),
(118, '0', 1, '10.00', 'a5'),
(1, '', 1, '10.00', 'a1'),
(124, '', 1, '10.00', 'b5'),
(125, '', 1, '10.00', 'e1'),
(125, '', 1, '10.00', 'e2'),
(135, '', 4, '10.00', 'e5'),
(135, '', 4, '10.00', 'e6'),
(135, '', 4, '10.00', 'e5'),
(135, '', 4, '10.00', 'e6'),
(135, '', 4, '10.00', 'e5'),
(135, '', 4, '10.00', 'e6'),
(135, '', 4, '10.00', 'e5'),
(135, '', 4, '10.00', 'e6'),
(136, '', 108, '7.00', ''),
(136, '', 108, '7.00', ''),
(136, '', 107, '9.00', ''),
(136, '', 107, '9.00', ''),
(136, '', 107, '9.00', ''),
(136, '', 108, '7.00', ''),
(136, '', 108, '7.00', ''),
(136, '', 107, '9.00', ''),
(136, '', 107, '9.00', ''),
(136, '', 107, '9.00', ''),
(137, '', 2, '10.00', 'a4'),
(137, '', 2, '10.00', 'a5'),
(137, '', 107, '9.00', ''),
(137, '', 107, '9.00', ''),
(137, '', 108, '7.00', ''),
(137, '', 108, '7.00', ''),
(137, '', 107, '9.00', ''),
(138, '', 4, '10.00', 'a1'),
(138, '', 4, '10.00', 'a2'),
(138, '', 103, '15.00', ''),
(139, '', 1, '10.00', 'a5'),
(139, '', 1, '10.00', 'a6'),
(139, '', 104, '18.00', ''),
(139, '', 104, '18.00', ''),
(140, '', 2, '10.00', 'a1'),
(140, '', 2, '10.00', 'a2'),
(140, '', 114, '4.00', ''),
(140, '', 114, '4.00', ''),
(141, '', 1, '10.00', 'c2'),
(141, '', 111, '5.00', ''),
(141, '', 103, '15.00', ''),
(149, '', 101, '10.00', ''),
(149, '', 109, '4.00', ''),
(149, '', 102, '7.00', '');

-- --------------------------------------------------------

--
-- Table structure for table `shopping_cart`
--

CREATE TABLE `shopping_cart` (
  `customer_id` int(12) NOT NULL,
  `item_id` int(10) NOT NULL,
  `seat` char(2) NOT NULL,
  `price` decimal(4,2) NOT NULL
) ENGINE=InnoDB DEFAULT CHARSET=latin1;

--
-- Dumping data for table `shopping_cart`
--

INSERT INTO `shopping_cart` (`customer_id`, `item_id`, `seat`, `price`) VALUES
(1, 1, 'a1', '10.00'),
(124, 1, 'b5', '10.00'),
(125, 1, 'e1', '10.00'),
(125, 1, 'e2', '10.00'),
(0, 0, '', '10.00'),
(126, 114, '', '4.00'),
(126, 103, '', '15.00'),
(126, 103, '', '15.00'),
(126, 103, '', '15.00'),
(126, 103, '', '15.00'),
(126, 103, '', '15.00'),
(126, 103, '', '15.00'),
(126, 106, '', '15.00'),
(126, 106, '', '15.00'),
(126, 106, '', '15.00'),
(126, 107, '', '9.00'),
(126, 107, '', '9.00'),
(126, 110, '', '4.00'),
(126, 110, '', '4.00'),
(126, 110, '', '4.00'),
(126, 112, '', '2.50'),
(126, 112, '', '2.50'),
(126, 112, '', '2.50'),
(126, 113, '', '4.00'),
(126, 113, '', '4.00'),
(126, 114, '', '4.00'),
(128, 115, '', '4.00'),
(128, 115, '', '4.00'),
(0, 113, '', '4.00'),
(0, 115, '', '4.00'),
(0, 115, '', '4.00'),
(0, 113, '', '4.00'),
(0, 115, '', '4.00'),
(0, 115, '', '4.00'),
(0, 113, '', '4.00'),
(0, 114, '', '4.00'),
(0, 114, '', '4.00'),
(0, 114, '', '4.00'),
(0, 109, '', '4.00'),
(0, 109, '', '4.00'),
(131, 108, '', '7.00'),
(131, 108, '', '7.00'),
(131, 111, '', '5.00'),
(131, 111, '', '5.00'),
(131, 112, '', '2.50'),
(131, 108, '', '7.00'),
(131, 112, '', '2.50'),
(131, 108, '', '7.00'),
(131, 108, '', '7.00'),
(131, 111, '', '5.00'),
(131, 112, '', '2.50'),
(131, 112, '', '2.50'),
(131, 111, '', '5.00'),
(131, 108, '', '7.00'),
(131, 112, '', '2.50'),
(131, 112, '', '2.50'),
(131, 111, '', '5.00'),
(131, 111, '', '5.00'),
(132, 111, '', '5.00'),
(132, 111, '', '5.00'),
(133, 1, 'a5', '10.00'),
(133, 1, 'a6', '10.00'),
(133, 103, '', '15.00'),
(133, 104, '', '18.00'),
(134, 1, 'a5', '10.00'),
(134, 1, 'a6', '10.00'),
(134, 113, '', '4.00'),
(134, 113, '', '4.00'),
(135, 4, 'e5', '10.00'),
(135, 4, 'e6', '10.00'),
(136, 108, '', '7.00'),
(136, 108, '', '7.00'),
(136, 107, '', '9.00'),
(136, 107, '', '9.00'),
(136, 107, '', '9.00'),
(137, 2, 'a4', '10.00'),
(137, 2, 'a5', '10.00'),
(137, 107, '', '9.00'),
(137, 107, '', '9.00'),
(137, 108, '', '7.00'),
(137, 108, '', '7.00'),
(137, 107, '', '9.00'),
(138, 4, 'a1', '10.00'),
(138, 4, 'a2', '10.00'),
(138, 103, '', '15.00'),
(139, 1, 'a5', '10.00'),
(139, 1, 'a6', '10.00'),
(139, 104, '', '18.00'),
(139, 104, '', '18.00'),
(140, 2, 'a1', '10.00'),
(140, 2, 'a2', '10.00'),
(140, 114, '', '4.00'),
(140, 114, '', '4.00'),
(141, 1, 'c2', '10.00'),
(141, 111, '', '5.00'),
(141, 103, '', '15.00'),
(142, 1, 'a1', '10.00'),
(142, 115, '', '4.00'),
(142, 115, '', '4.00'),
(142, 115, '', '4.00'),
(143, 31, 'e1', '10.00'),
(143, 31, 'e2', '10.00'),
(143, 31, 'e3', '10.00'),
(143, 113, '', '4.00'),
(143, 113, '', '4.00'),
(144, 27, 'b2', '10.00'),
(144, 27, 'b3', '10.00'),
(144, 27, 'b4', '10.00'),
(144, 27, 'b5', '10.00'),
(144, 27, 'c2', '10.00'),
(144, 27, 'c3', '10.00'),
(144, 27, 'c4', '10.00'),
(144, 27, 'c5', '10.00'),
(144, 112, '', '2.50'),
(144, 112, '', '2.50'),
(144, 114, '', '4.00'),
(144, 114, '', '4.00'),
(144, 109, '', '4.00'),
(144, 109, '', '4.00'),
(144, 109, '', '4.00'),
(145, 27, 'b2', '10.00'),
(145, 27, 'b3', '10.00'),
(145, 27, 'b4', '10.00'),
(145, 27, 'b5', '10.00'),
(145, 27, 'c2', '10.00'),
(145, 27, 'c3', '10.00'),
(145, 27, 'c4', '10.00'),
(145, 27, 'c5', '10.00'),
(145, 115, '', '4.00'),
(145, 115, '', '4.00'),
(145, 107, '', '9.00'),
(146, 1, 'b3', '10.00'),
(146, 1, 'b4', '10.00'),
(146, 107, '', '9.00'),
(146, 107, '', '9.00'),
(146, 101, '', '10.00'),
(147, 101, '', '10.00'),
(147, 102, '', '7.00'),
(147, 102, '', '7.00'),
(148, 101, '', '10.00'),
(148, 103, '', '15.00'),
(148, 103, '', '15.00'),
(148, 103, '', '15.00'),
(148, 101, '', '10.00'),
(149, 101, '', '10.00'),
(149, 109, '', '4.00'),
(149, 102, '', '7.00');

-- --------------------------------------------------------

--
-- Table structure for table `theatres`
--

CREATE TABLE `theatres` (
  `movie_id` int(4) NOT NULL,
  `seat` char(2) NOT NULL,
  `availability` tinyint(1) NOT NULL
) ENGINE=InnoDB DEFAULT CHARSET=latin1;

--
-- Dumping data for table `theatres`
--

INSERT INTO `theatres` (`movie_id`, `seat`, `availability`) VALUES
(1, 'a1', 1),
(1, 'a2', 0),
(1, 'a3', 0),
(1, 'a4', 1),
(1, 'a5', 0),
(1, 'a6', 0),
(1, 'b1', 1),
(1, 'b2', 1),
(1, 'b3', 1),
(1, 'b4', 1),
(1, 'b5', 0),
(1, 'b6', 1),
(1, 'c1', 0),
(1, 'c2', 0),
(1, 'c3', 0),
(1, 'c4', 1),
(1, 'c5', 1),
(1, 'c6', 1),
(1, 'd1', 1),
(1, 'd2', 1),
(1, 'd3', 1),
(1, 'd4', 1),
(1, 'd5', 1),
(1, 'd6', 1),
(1, 'e1', 0),
(1, 'e2', 0),
(1, 'e3', 1),
(1, 'e4', 1),
(1, 'e5', 1),
(1, 'e6', 1),
(2, 'a1', 0),
(2, 'a2', 0),
(2, 'a3', 1),
(2, 'a4', 0),
(2, 'a5', 0),
(2, 'a6', 1),
(2, 'b1', 1),
(2, 'b2', 1),
(2, 'b3', 1),
(2, 'b4', 1),
(2, 'b5', 1),
(2, 'b6', 1),
(2, 'c1', 1),
(2, 'c2', 1),
(2, 'c3', 0),
(2, 'c4', 1),
(2, 'c5', 1),
(2, 'c6', 1),
(2, 'd1', 1),
(2, 'd2', 1),
(2, 'd3', 1),
(2, 'd4', 1),
(2, 'd5', 1),
(2, 'd6', 1),
(2, 'e1', 1),
(2, 'e2', 1),
(2, 'e3', 1),
(2, 'e4', 1),
(2, 'e5', 1),
(2, 'e6', 1),
(3, 'a1', 1),
(3, 'a2', 1),
(3, 'a3', 1),
(3, 'a4', 1),
(3, 'a5', 1),
(3, 'a6', 1),
(3, 'b1', 1),
(3, 'b2', 1),
(3, 'b3', 1),
(3, 'b4', 1),
(3, 'b5', 1),
(3, 'b6', 1),
(3, 'c1', 1),
(3, 'c2', 1),
(3, 'c3', 0),
(3, 'c4', 1),
(3, 'c5', 1),
(3, 'c6', 1),
(3, 'd1', 1),
(3, 'd2', 1),
(3, 'd3', 1),
(3, 'd4', 1),
(3, 'd5', 1),
(3, 'd6', 1),
(3, 'e1', 1),
(3, 'e2', 1),
(3, 'e3', 1),
(3, 'e4', 1),
(3, 'e5', 1),
(3, 'e6', 1),
(4, 'a1', 1),
(4, 'a2', 1),
(4, 'a3', 1),
(4, 'a4', 1),
(4, 'a5', 1),
(4, 'a6', 1),
(4, 'b1', 1),
(4, 'b2', 1),
(4, 'b3', 1),
(4, 'b4', 1),
(4, 'b5', 1),
(4, 'b6', 1),
(4, 'c1', 1),
(4, 'c2', 1),
(4, 'c3', 1),
(4, 'c4', 1),
(4, 'c5', 1),
(4, 'c6', 1),
(4, 'd1', 1),
(4, 'd2', 1),
(4, 'd3', 1),
(4, 'd4', 1),
(4, 'd5', 1),
(4, 'd6', 1),
(4, 'e1', 1),
(4, 'e2', 1),
(4, 'e3', 1),
(4, 'e4', 1),
(4, 'e5', 1),
(4, 'e6', 1),
(5, 'a1', 1),
(5, 'a2', 1),
(5, 'a3', 1),
(5, 'a4', 1),
(5, 'a5', 1),
(5, 'a6', 1),
(5, 'b1', 1),
(5, 'b2', 1),
(5, 'b3', 1),
(5, 'b4', 1),
(5, 'b5', 1),
(5, 'b6', 1),
(5, 'c1', 1),
(5, 'c2', 1),
(5, 'c3', 1),
(5, 'c4', 1),
(5, 'c5', 1),
(5, 'c6', 1),
(5, 'd1', 1),
(5, 'd2', 1),
(5, 'd3', 1),
(5, 'd4', 1),
(5, 'd5', 1),
(5, 'd6', 1),
(5, 'e1', 1),
(5, 'e2', 1),
(5, 'e3', 1),
(5, 'e4', 1),
(5, 'e5', 1),
(5, 'e6', 1),
(6, 'a1', 1),
(6, 'a2', 1),
(6, 'a3', 1),
(6, 'a4', 1),
(6, 'a5', 1),
(6, 'a6', 1),
(6, 'b1', 1),
(6, 'b2', 1),
(6, 'b3', 1),
(6, 'b4', 1),
(6, 'b5', 1),
(6, 'b6', 1),
(6, 'c1', 1),
(6, 'c2', 1),
(6, 'c3', 1),
(6, 'c4', 1),
(6, 'c5', 1),
(6, 'c6', 1),
(6, 'd1', 1),
(6, 'd2', 1),
(6, 'd3', 1),
(6, 'd4', 1),
(6, 'd5', 1),
(6, 'd6', 1),
(6, 'e1', 1),
(6, 'e2', 1),
(6, 'e3', 1),
(6, 'e4', 1),
(6, 'e5', 1),
(6, 'e6', 1),
(7, 'a1', 1),
(7, 'a2', 1),
(7, 'a3', 1),
(7, 'a4', 1),
(7, 'a5', 1),
(7, 'a6', 1),
(7, 'b1', 1),
(7, 'b2', 1),
(7, 'b3', 1),
(7, 'b4', 1),
(7, 'b5', 1),
(7, 'b6', 1),
(7, 'c1', 1),
(7, 'c2', 1),
(7, 'c3', 1),
(7, 'c4', 1),
(7, 'c5', 1),
(7, 'c6', 1),
(7, 'd1', 1),
(7, 'd2', 1),
(7, 'd3', 1),
(7, 'd4', 1),
(7, 'd5', 1),
(7, 'd6', 1),
(7, 'e1', 1),
(7, 'e2', 1),
(7, 'e3', 1),
(7, 'e4', 1),
(7, 'e5', 1),
(7, 'e6', 1),
(8, 'a1', 1),
(8, 'a2', 1),
(8, 'a3', 1),
(8, 'a4', 1),
(8, 'a5', 1),
(8, 'a6', 1),
(8, 'b1', 1),
(8, 'b2', 1),
(8, 'b3', 1),
(8, 'b4', 1),
(8, 'b5', 1),
(8, 'b6', 1),
(8, 'c1', 1),
(8, 'c2', 1),
(8, 'c3', 1),
(8, 'c4', 1),
(8, 'c5', 1),
(8, 'c6', 1),
(8, 'd1', 1),
(8, 'd2', 1),
(8, 'd3', 1),
(8, 'd4', 1),
(8, 'd5', 1),
(8, 'd6', 1),
(8, 'e1', 1),
(8, 'e2', 1),
(8, 'e3', 1),
(8, 'e4', 1),
(8, 'e5', 1),
(8, 'e6', 1),
(9, 'a1', 1),
(9, 'a2', 1),
(9, 'a3', 1),
(9, 'a4', 1),
(9, 'a5', 1),
(9, 'a6', 1),
(9, 'b1', 1),
(9, 'b2', 1),
(9, 'b3', 1),
(9, 'b4', 1),
(9, 'b5', 1),
(9, 'b6', 1),
(9, 'c1', 1),
(9, 'c2', 1),
(9, 'c3', 1),
(9, 'c4', 1),
(9, 'c5', 1),
(9, 'c6', 1),
(9, 'd1', 1),
(9, 'd2', 1),
(9, 'd3', 1),
(9, 'd4', 1),
(9, 'd5', 1),
(9, 'd6', 1),
(9, 'e1', 1),
(9, 'e2', 1),
(9, 'e3', 1),
(9, 'e4', 1),
(9, 'e5', 1),
(9, 'e6', 1),
(10, 'a1', 1),
(10, 'a2', 1),
(10, 'a3', 1),
(10, 'a4', 1),
(10, 'a5', 1),
(10, 'a6', 1),
(10, 'b1', 1),
(10, 'b2', 1),
(10, 'b3', 1),
(10, 'b4', 1),
(10, 'b5', 1),
(10, 'b6', 1),
(10, 'c1', 1),
(10, 'c2', 1),
(10, 'c3', 1),
(10, 'c4', 1),
(10, 'c5', 1),
(10, 'c6', 1),
(10, 'd1', 1),
(10, 'd2', 1),
(10, 'd3', 1),
(10, 'd4', 1),
(10, 'd5', 1),
(10, 'd6', 1),
(10, 'e1', 1),
(10, 'e2', 1),
(10, 'e3', 1),
(10, 'e4', 1),
(10, 'e5', 1),
(10, 'e6', 1),
(11, 'a1', 1),
(11, 'a2', 1),
(11, 'a3', 1),
(11, 'a4', 1),
(11, 'a5', 1),
(11, 'a6', 1),
(11, 'b1', 1),
(11, 'b2', 1),
(11, 'b3', 1),
(11, 'b4', 1),
(11, 'b5', 1),
(11, 'b6', 1),
(11, 'c1', 1),
(11, 'c2', 1),
(11, 'c3', 1),
(11, 'c4', 1),
(11, 'c5', 1),
(11, 'c6', 1),
(11, 'd1', 1),
(11, 'd2', 1),
(11, 'd3', 1),
(11, 'd4', 1),
(11, 'd5', 1),
(11, 'd6', 1),
(11, 'e1', 1),
(11, 'e2', 1),
(11, 'e3', 1),
(11, 'e4', 1),
(11, 'e5', 1),
(11, 'e6', 1),
(12, 'a1', 1),
(12, 'a2', 1),
(12, 'a3', 1),
(12, 'a4', 1),
(12, 'a5', 1),
(12, 'a6', 1),
(12, 'b1', 1),
(12, 'b2', 1),
(12, 'b3', 1),
(12, 'b4', 1),
(12, 'b5', 1),
(12, 'b6', 1),
(12, 'c1', 1),
(12, 'c2', 1),
(12, 'c3', 1),
(12, 'c4', 1),
(12, 'c5', 1),
(12, 'c6', 1),
(12, 'd1', 1),
(12, 'd2', 1),
(12, 'd3', 1),
(12, 'd4', 1),
(12, 'd5', 1),
(12, 'd6', 1),
(12, 'e1', 1),
(12, 'e2', 1),
(12, 'e3', 1),
(12, 'e4', 1),
(12, 'e5', 1),
(12, 'e6', 1),
(13, 'a1', 1),
(13, 'a2', 1),
(13, 'a3', 1),
(13, 'a4', 1),
(13, 'a5', 1),
(13, 'a6', 1),
(13, 'b1', 1),
(13, 'b2', 1),
(13, 'b3', 1),
(13, 'b4', 1),
(13, 'b5', 1),
(13, 'b6', 1),
(13, 'c1', 1),
(13, 'c2', 1),
(13, 'c3', 1),
(13, 'c4', 1),
(13, 'c5', 1),
(13, 'c6', 1),
(13, 'd1', 1),
(13, 'd2', 1),
(13, 'd3', 1),
(13, 'd4', 1),
(13, 'd5', 1),
(13, 'd6', 1),
(13, 'e1', 1),
(13, 'e2', 1),
(13, 'e3', 1),
(13, 'e4', 1),
(13, 'e5', 1),
(13, 'e6', 1),
(14, 'a1', 1),
(14, 'a2', 1),
(14, 'a3', 1),
(14, 'a4', 1),
(14, 'a5', 1),
(14, 'a6', 1),
(14, 'b1', 1),
(14, 'b2', 1),
(14, 'b3', 1),
(14, 'b4', 1),
(14, 'b5', 1),
(14, 'b6', 1),
(14, 'c1', 1),
(14, 'c2', 1),
(14, 'c3', 1),
(14, 'c4', 1),
(14, 'c5', 1),
(14, 'c6', 1),
(14, 'd1', 1),
(14, 'd2', 1),
(14, 'd3', 1),
(14, 'd4', 1),
(14, 'd5', 1),
(14, 'd6', 1),
(14, 'e1', 1),
(14, 'e2', 1),
(14, 'e3', 1),
(14, 'e4', 1),
(14, 'e5', 1),
(14, 'e6', 1),
(15, 'a1', 1),
(15, 'a2', 1),
(15, 'a3', 1),
(15, 'a4', 1),
(15, 'a5', 1),
(15, 'a6', 1),
(15, 'b1', 1),
(15, 'b2', 1),
(15, 'b3', 1),
(15, 'b4', 1),
(15, 'b5', 1),
(15, 'b6', 1),
(15, 'c1', 1),
(15, 'c2', 1),
(15, 'c3', 1),
(15, 'c4', 1),
(15, 'c5', 1),
(15, 'c6', 1),
(15, 'd1', 1),
(15, 'd2', 1),
(15, 'd3', 1),
(15, 'd4', 1),
(15, 'd5', 1),
(15, 'd6', 1),
(15, 'e1', 1),
(15, 'e2', 1),
(15, 'e3', 1),
(15, 'e4', 1),
(15, 'e5', 1),
(15, 'e6', 1),
(16, 'a1', 1),
(16, 'a2', 1),
(16, 'a3', 1),
(16, 'a4', 1),
(16, 'a5', 1),
(16, 'a6', 1),
(16, 'b1', 1),
(16, 'b2', 1),
(16, 'b3', 1),
(16, 'b4', 1),
(16, 'b5', 1),
(16, 'b6', 1),
(16, 'c1', 1),
(16, 'c2', 1),
(16, 'c3', 1),
(16, 'c4', 1),
(16, 'c5', 1),
(16, 'c6', 1),
(16, 'd1', 1),
(16, 'd2', 1),
(16, 'd3', 1),
(16, 'd4', 1),
(16, 'd5', 1),
(16, 'd6', 1),
(16, 'e1', 1),
(16, 'e2', 1),
(16, 'e3', 1),
(16, 'e4', 1),
(16, 'e5', 1),
(16, 'e6', 1),
(17, 'a1', 1),
(17, 'a2', 1),
(17, 'a3', 1),
(17, 'a4', 1),
(17, 'a5', 1),
(17, 'a6', 1),
(17, 'b1', 1),
(17, 'b2', 1),
(17, 'b3', 1),
(17, 'b4', 1),
(17, 'b5', 1),
(17, 'b6', 1),
(17, 'c1', 1),
(17, 'c2', 1),
(17, 'c3', 1),
(17, 'c4', 1),
(17, 'c5', 1),
(17, 'c6', 1),
(17, 'd1', 1),
(17, 'd2', 1),
(17, 'd3', 1),
(17, 'd4', 1),
(17, 'd5', 1),
(17, 'd6', 1),
(17, 'e1', 1),
(17, 'e2', 1),
(17, 'e3', 1),
(17, 'e4', 1),
(17, 'e5', 1),
(17, 'e6', 1),
(18, 'a1', 1),
(18, 'a2', 1),
(18, 'a3', 1),
(18, 'a4', 1),
(18, 'a5', 1),
(18, 'a6', 1),
(18, 'b1', 1),
(18, 'b2', 1),
(18, 'b3', 1),
(18, 'b4', 1),
(18, 'b5', 1),
(18, 'b6', 1),
(18, 'c1', 1),
(18, 'c2', 1),
(18, 'c3', 1),
(18, 'c4', 1),
(18, 'c5', 1),
(18, 'c6', 1),
(18, 'd1', 1),
(18, 'd2', 1),
(18, 'd3', 1),
(18, 'd4', 1),
(18, 'd5', 1),
(18, 'd6', 1),
(18, 'e1', 1),
(18, 'e2', 1),
(18, 'e3', 1),
(18, 'e4', 1),
(18, 'e5', 1),
(18, 'e6', 1),
(19, 'a1', 1),
(19, 'a2', 1),
(19, 'a3', 1),
(19, 'a4', 1),
(19, 'a5', 1),
(19, 'a6', 1),
(19, 'b1', 1),
(19, 'b2', 1),
(19, 'b3', 1),
(19, 'b4', 1),
(19, 'b5', 1),
(19, 'b6', 1),
(19, 'c1', 1),
(19, 'c2', 1),
(19, 'c3', 1),
(19, 'c4', 1),
(19, 'c5', 1),
(19, 'c6', 1),
(19, 'd1', 1),
(19, 'd2', 1),
(19, 'd3', 1),
(19, 'd4', 1),
(19, 'd5', 1),
(19, 'd6', 1),
(19, 'e1', 1),
(19, 'e2', 1),
(19, 'e3', 1),
(19, 'e4', 1),
(19, 'e5', 1),
(19, 'e6', 1),
(20, 'a1', 1),
(20, 'a2', 1),
(20, 'a3', 1),
(20, 'a4', 1),
(20, 'a5', 1),
(20, 'a6', 1),
(20, 'b1', 1),
(20, 'b2', 1),
(20, 'b3', 1),
(20, 'b4', 1),
(20, 'b5', 1),
(20, 'b6', 1),
(20, 'c1', 1),
(20, 'c2', 1),
(20, 'c3', 1),
(20, 'c4', 1),
(20, 'c5', 1),
(20, 'c6', 1),
(20, 'd1', 1),
(20, 'd2', 1),
(20, 'd3', 1),
(20, 'd4', 1),
(20, 'd5', 1),
(20, 'd6', 1),
(20, 'e1', 1),
(20, 'e2', 1),
(20, 'e3', 1),
(20, 'e4', 1),
(20, 'e5', 1),
(20, 'e6', 1),
(21, 'a1', 1),
(21, 'a2', 1),
(21, 'a3', 1),
(21, 'a4', 1),
(21, 'a5', 1),
(21, 'a6', 1),
(21, 'b1', 1),
(21, 'b2', 1),
(21, 'b3', 1),
(21, 'b4', 1),
(21, 'b5', 1),
(21, 'b6', 1),
(21, 'c1', 1),
(21, 'c2', 1),
(21, 'c3', 1),
(21, 'c4', 1),
(21, 'c5', 1),
(21, 'c6', 1),
(21, 'd1', 1),
(21, 'd2', 1),
(21, 'd3', 1),
(21, 'd4', 1),
(21, 'd5', 1),
(21, 'd6', 1),
(21, 'e1', 1),
(21, 'e2', 1),
(21, 'e3', 1),
(21, 'e4', 1),
(21, 'e5', 1),
(21, 'e6', 1),
(22, 'a1', 1),
(22, 'a2', 1),
(22, 'a3', 1),
(22, 'a4', 1),
(22, 'a5', 1),
(22, 'a6', 1),
(22, 'b1', 1),
(22, 'b2', 1),
(22, 'b3', 1),
(22, 'b4', 1),
(22, 'b5', 1),
(22, 'b6', 1),
(22, 'c1', 1),
(22, 'c2', 1),
(22, 'c3', 1),
(22, 'c4', 1),
(22, 'c5', 1),
(22, 'c6', 1),
(22, 'd1', 1),
(22, 'd2', 1),
(22, 'd3', 1),
(22, 'd4', 1),
(22, 'd5', 1),
(22, 'd6', 1),
(22, 'e1', 1),
(22, 'e2', 1),
(22, 'e3', 1),
(22, 'e4', 1),
(22, 'e5', 1),
(22, 'e6', 1),
(23, 'a1', 1),
(23, 'a2', 1),
(23, 'a3', 1),
(23, 'a4', 1),
(23, 'a5', 1),
(23, 'a6', 1),
(23, 'b1', 1),
(23, 'b2', 1),
(23, 'b3', 1),
(23, 'b4', 1),
(23, 'b5', 1),
(23, 'b6', 1),
(23, 'c1', 1),
(23, 'c2', 1),
(23, 'c3', 1),
(23, 'c4', 1),
(23, 'c5', 1),
(23, 'c6', 1),
(23, 'd1', 1),
(23, 'd2', 1),
(23, 'd3', 1),
(23, 'd4', 1),
(23, 'd5', 1),
(23, 'd6', 1),
(23, 'e1', 1),
(23, 'e2', 1),
(23, 'e3', 1),
(23, 'e4', 1),
(23, 'e5', 1),
(23, 'e6', 1),
(24, 'a1', 1),
(24, 'a2', 1),
(24, 'a3', 1),
(24, 'a4', 1),
(24, 'a5', 1),
(24, 'a6', 1),
(24, 'b1', 1),
(24, 'b2', 1),
(24, 'b3', 1),
(24, 'b4', 1),
(24, 'b5', 1),
(24, 'b6', 1),
(24, 'c1', 1),
(24, 'c2', 1),
(24, 'c3', 1),
(24, 'c4', 1),
(24, 'c5', 1),
(24, 'c6', 1),
(24, 'd1', 1),
(24, 'd2', 1),
(24, 'd3', 1),
(24, 'd4', 1),
(24, 'd5', 1),
(24, 'd6', 1),
(24, 'e1', 1),
(24, 'e2', 1),
(24, 'e3', 1),
(24, 'e4', 1),
(24, 'e5', 1),
(24, 'e6', 1),
(25, 'a1', 1),
(25, 'a2', 1),
(25, 'a3', 1),
(25, 'a4', 1),
(25, 'a5', 1),
(25, 'a6', 1),
(25, 'b1', 1),
(25, 'b2', 1),
(25, 'b3', 1),
(25, 'b4', 1),
(25, 'b5', 1),
(25, 'b6', 1),
(25, 'c1', 1),
(25, 'c2', 1),
(25, 'c3', 1),
(25, 'c4', 1),
(25, 'c5', 1),
(25, 'c6', 1),
(25, 'd1', 1),
(25, 'd2', 1),
(25, 'd3', 1),
(25, 'd4', 1),
(25, 'd5', 1),
(25, 'd6', 1),
(25, 'e1', 1),
(25, 'e2', 1),
(25, 'e3', 1),
(25, 'e4', 1),
(25, 'e5', 1),
(25, 'e6', 1),
(26, 'a1', 1),
(26, 'a2', 1),
(26, 'a3', 1),
(26, 'a4', 1),
(26, 'a5', 1),
(26, 'a6', 1),
(26, 'b1', 1),
(26, 'b2', 1),
(26, 'b3', 1),
(26, 'b4', 1),
(26, 'b5', 1),
(26, 'b6', 1),
(26, 'c1', 1),
(26, 'c2', 1),
(26, 'c3', 1),
(26, 'c4', 1),
(26, 'c5', 1),
(26, 'c6', 1),
(26, 'd1', 1),
(26, 'd2', 1),
(26, 'd3', 1),
(26, 'd4', 1),
(26, 'd5', 1),
(26, 'd6', 1),
(26, 'e1', 1),
(26, 'e2', 1),
(26, 'e3', 1),
(26, 'e4', 1),
(26, 'e5', 1),
(26, 'e6', 1),
(27, 'a1', 1),
(27, 'a2', 1),
(27, 'a3', 1),
(27, 'a4', 1),
(27, 'a5', 1),
(27, 'a6', 1),
(27, 'b1', 1),
(27, 'b2', 1),
(27, 'b3', 1),
(27, 'b4', 1),
(27, 'b5', 1),
(27, 'b6', 1),
(27, 'c1', 1),
(27, 'c2', 1),
(27, 'c3', 1),
(27, 'c4', 1),
(27, 'c5', 1),
(27, 'c6', 1),
(27, 'd1', 1),
(27, 'd2', 1),
(27, 'd3', 1),
(27, 'd4', 1),
(27, 'd5', 1),
(27, 'd6', 1),
(27, 'e1', 1),
(27, 'e2', 1),
(27, 'e3', 1),
(27, 'e4', 1),
(27, 'e5', 1),
(27, 'e6', 1),
(28, 'a1', 1),
(28, 'a2', 1),
(28, 'a3', 1),
(28, 'a4', 1),
(28, 'a5', 1),
(28, 'a6', 1),
(28, 'b1', 1),
(28, 'b2', 1),
(28, 'b3', 1),
(28, 'b4', 1),
(28, 'b5', 1),
(28, 'b6', 1),
(28, 'c1', 1),
(28, 'c2', 1),
(28, 'c3', 1),
(28, 'c4', 1),
(28, 'c5', 1),
(28, 'c6', 1),
(28, 'd1', 1),
(28, 'd2', 1),
(28, 'd3', 1),
(28, 'd4', 1),
(28, 'd5', 1),
(28, 'd6', 1),
(28, 'e1', 1),
(28, 'e2', 1),
(28, 'e3', 1),
(28, 'e4', 1),
(28, 'e5', 1),
(28, 'e6', 1),
(29, 'a1', 1),
(29, 'a2', 1),
(29, 'a3', 1),
(29, 'a4', 1),
(29, 'a5', 1),
(29, 'a6', 1),
(29, 'b1', 1),
(29, 'b2', 1),
(29, 'b3', 1),
(29, 'b4', 1),
(29, 'b5', 1),
(29, 'b6', 1),
(29, 'c1', 1),
(29, 'c2', 1),
(29, 'c3', 1),
(29, 'c4', 1),
(29, 'c5', 1),
(29, 'c6', 1),
(29, 'd1', 1),
(29, 'd2', 1),
(29, 'd3', 1),
(29, 'd4', 1),
(29, 'd5', 1),
(29, 'd6', 1),
(29, 'e1', 1),
(29, 'e2', 1),
(29, 'e3', 1),
(29, 'e4', 1),
(29, 'e5', 1),
(29, 'e6', 1),
(30, 'a1', 1),
(30, 'a2', 1),
(30, 'a3', 1),
(30, 'a4', 1),
(30, 'a5', 1),
(30, 'a6', 1),
(30, 'b1', 1),
(30, 'b2', 1),
(30, 'b3', 1),
(30, 'b4', 1),
(30, 'b5', 1),
(30, 'b6', 1),
(30, 'c1', 1),
(30, 'c2', 1),
(30, 'c3', 1),
(30, 'c4', 1),
(30, 'c5', 1),
(30, 'c6', 1),
(30, 'd1', 1),
(30, 'd2', 1),
(30, 'd3', 1),
(30, 'd4', 1),
(30, 'd5', 1),
(30, 'd6', 1),
(30, 'e1', 1),
(30, 'e2', 1),
(30, 'e3', 1),
(30, 'e4', 1),
(30, 'e5', 1),
(30, 'e6', 1),
(31, 'a1', 1),
(31, 'a2', 1),
(31, 'a3', 1),
(31, 'a4', 1),
(31, 'a5', 1),
(31, 'a6', 1),
(31, 'b1', 1),
(31, 'b2', 1),
(31, 'b3', 1),
(31, 'b4', 1),
(31, 'b5', 1),
(31, 'b6', 1),
(31, 'c1', 1),
(31, 'c2', 1),
(31, 'c3', 1),
(31, 'c4', 1),
(31, 'c5', 1),
(31, 'c6', 1),
(31, 'd1', 1),
(31, 'd2', 1),
(31, 'd3', 1),
(31, 'd4', 1),
(31, 'd5', 1),
(31, 'd6', 1),
(31, 'e1', 1),
(31, 'e2', 1),
(31, 'e3', 1),
(31, 'e4', 1),
(31, 'e5', 1),
(31, 'e6', 1),
(32, 'a1', 1),
(32, 'a2', 1),
(32, 'a3', 1),
(32, 'a4', 1),
(32, 'a5', 1),
(32, 'a6', 1),
(32, 'b1', 1),
(32, 'b2', 1),
(32, 'b3', 1),
(32, 'b4', 1),
(32, 'b5', 1),
(32, 'b6', 1),
(32, 'c1', 1),
(32, 'c2', 1),
(32, 'c3', 1),
(32, 'c4', 1),
(32, 'c5', 1),
(32, 'c6', 1),
(32, 'd1', 1),
(32, 'd2', 1),
(32, 'd3', 1),
(32, 'd4', 1),
(32, 'd5', 1),
(32, 'd6', 1),
(32, 'e1', 1),
(32, 'e2', 1),
(32, 'e3', 1),
(32, 'e4', 1),
(32, 'e5', 1),
(32, 'e6', 1),
(33, 'a1', 1),
(33, 'a2', 1),
(33, 'a3', 1),
(33, 'a4', 1),
(33, 'a5', 1),
(33, 'a6', 1),
(33, 'b1', 1),
(33, 'b2', 1),
(33, 'b3', 1),
(33, 'b4', 1),
(33, 'b5', 1),
(33, 'b6', 1),
(33, 'c1', 1),
(33, 'c2', 1),
(33, 'c3', 1),
(33, 'c4', 1),
(33, 'c5', 1),
(33, 'c6', 1),
(33, 'd1', 1),
(33, 'd2', 1),
(33, 'd3', 1),
(33, 'd4', 1),
(33, 'd5', 1),
(33, 'd6', 1),
(33, 'e1', 1),
(33, 'e2', 1),
(33, 'e3', 1),
(33, 'e4', 1),
(33, 'e5', 1),
(33, 'e6', 1),
(34, 'a1', 1),
(34, 'a2', 1),
(34, 'a3', 1),
(34, 'a4', 1),
(34, 'a5', 1),
(34, 'a6', 1),
(34, 'b1', 1),
(34, 'b2', 1),
(34, 'b3', 1),
(34, 'b4', 1),
(34, 'b5', 1),
(34, 'b6', 1),
(34, 'c1', 1),
(34, 'c2', 1),
(34, 'c3', 1),
(34, 'c4', 1),
(34, 'c5', 1),
(34, 'c6', 1),
(34, 'd1', 1),
(34, 'd2', 1),
(34, 'd3', 1),
(34, 'd4', 1),
(34, 'd5', 1),
(34, 'd6', 1),
(34, 'e1', 1),
(34, 'e2', 1),
(34, 'e3', 1),
(34, 'e4', 1),
(34, 'e5', 1),
(34, 'e6', 1),
(35, 'a1', 1),
(35, 'a2', 1),
(35, 'a3', 1),
(35, 'a4', 1),
(35, 'a5', 1),
(35, 'a6', 1),
(35, 'b1', 1),
(35, 'b2', 1),
(35, 'b3', 1),
(35, 'b4', 1),
(35, 'b5', 1),
(35, 'b6', 1),
(35, 'c1', 1),
(35, 'c2', 1),
(35, 'c3', 1),
(35, 'c4', 1),
(35, 'c5', 1),
(35, 'c6', 1),
(35, 'd1', 1),
(35, 'd2', 1),
(35, 'd3', 1),
(35, 'd4', 1),
(35, 'd5', 1),
(35, 'd6', 1),
(35, 'e1', 1),
(35, 'e2', 1),
(35, 'e3', 1),
(35, 'e4', 1),
(35, 'e5', 1),
(35, 'e6', 1);

--
-- Indexes for dumped tables
--

--
-- Indexes for table `customer`
--
ALTER TABLE `customer`
  ADD PRIMARY KEY (`id`);

--
-- Indexes for table `display`
--
ALTER TABLE `display`
  ADD PRIMARY KEY (`movie_id`);

--
-- Indexes for table `food_and_drinks`
--
ALTER TABLE `food_and_drinks`
  ADD PRIMARY KEY (`id`);

--
-- Indexes for table `movie_screenings`
--
ALTER TABLE `movie_screenings`
  ADD PRIMARY KEY (`id`);

--
-- AUTO_INCREMENT for dumped tables
--

--
-- AUTO_INCREMENT for table `customer`
--
ALTER TABLE `customer`
  MODIFY `id` int(7) NOT NULL AUTO_INCREMENT, AUTO_INCREMENT=150;
--
-- AUTO_INCREMENT for table `display`
--
ALTER TABLE `display`
  MODIFY `movie_id` int(11) NOT NULL AUTO_INCREMENT;
--
-- AUTO_INCREMENT for table `food_and_drinks`
--
ALTER TABLE `food_and_drinks`
  MODIFY `id` int(4) NOT NULL AUTO_INCREMENT, AUTO_INCREMENT=116;
/*!40101 SET CHARACTER_SET_CLIENT=@OLD_CHARACTER_SET_CLIENT */;
/*!40101 SET CHARACTER_SET_RESULTS=@OLD_CHARACTER_SET_RESULTS */;
/*!40101 SET COLLATION_CONNECTION=@OLD_COLLATION_CONNECTION */;
